"order","species","specimen.no.","fL","fPW","fDW","fCr.Ca","fM.L","tbL","tbPW","tbDW","tbCr.Ca","tbM.L","tmtL","tmtD.P","tmtM.L","fCIRC","tbCIRC","fCSA","tbCSA"
"Galliformes","Alectura lathami","B46568 ",1.50748073629945,-1.19782599050993,-0.11542539318552,-2.0016387389574,-0.758975632606093,0.660701655182963,-0.228980092732382,-1.73274916585498,-1.19723056353725,-2.24086842802323,1.53388491049596,-2.76074388730914,-1.07206742058324,-0.814509115624779,0.108847463725841,-0.25354958400316,0.536782083478483
"Anseriformes","Cereopsis novaehollandiae","B39638",1.29860896127389,0.200940102743515,-0.10729387123438,-0.75003618711853,-0.904702062118734,2.08800975177589,-0.3279652334032,-0.182052149512591,-1.08482822834925,-0.638810552008306,1.47402973971888,-0.902228002460455,-1.08482822834925,0.522034971085689,0.204839297081565,1.10460602143195,0.872668669657221
"Galliformes","Leipoa ocellata","B55458",1.48048757172793,0.118045040102419,-0.0715182916202985,-0.749455527602304,-0.824563613761313,1.84081163784352,-0.156417735406785,-0.435340198082368,-1.14147532452803,-0.931777084396259,1.33492063559206,-1.3736098366753,-0.942346649417696,0.422952893219268,0.169145302114075,1.03333527164299,0.536729445153161
"Anseriformes","Anseranas semipalmata","B48035",1.47651736274538,-0.00961340698082029,-0.0686782809603649,-0.793007465388544,-0.957570038646406,1.96277413853486,-0.199040098823609,-0.433004731357137,-1.11850040545904,-0.936108309029217,1.66592277442774,-1.53161702002525,-0.957570038646406,0.271320056423874,0.191546945258377,0.80974145889476,0.377431028085935
"Casuariiformes","Dromaius novaehollandiae","FUR291",NA,NA,NA,NA,NA,2.93035922200735,-0.283390895473581,0.635209107500821,-1.08947848721412,0.184281625315899,1.65834968534501,-0.0703605930576817,-1.3627718222138,NA,NA,NA,NA
"Casuariiformes","Dromaius novaehollandiae","FUR293",NA,NA,NA,NA,NA,3.05174577918825,-0.311792295940853,0.792008277576833,-1.04309124246517,0.356288761110866,1.69894281145263,0.00399232088337984,-1.4050712386336,NA,NA,NA,NA
"Casuariiformes","Dromaius novaehollandiae","FUR294",0.7315274376822,1.07958957125861,-0.623333400836178,0.446302778622342,-1.31648058139612,NA,NA,NA,NA,NA,NA,NA,NA,NA,NA,NA,NA
"Casuariiformes","Dromaius novaehollandiae","FUR163",0.716745069472102,1.04730722636358,-0.714805883235909,0.329745687632352,-1.37875390910359,3.0314385882391,-0.959002843747951,0.72885349524505,-1.7860191977159,0.200009365976381,1.19336393783656,-0.0719243495072603,-1.89438723443769,1.50082600226828,-0.492106875160849,3.38033334485887,1.14021814783992
"Casuariiformes","Casuarius casuarius","FUR180",0.77289398701539,0.961640046191977,-0.768653589875859,0.443696954657122,-1.41651001125564,2.96682481726532,-0.725209553288861,0.729754331381901,-1.58054952321215,0.25877461616311,0.98439983424939,0.120768943143667,-1.52969110597866,1.52792050587313,-0.285941481235852,3.44064602008706,1.54607751794958
"Struthioniformes","Struthio camelus","B13115",0.985343897414144,1.72780070918963,-0.253758754202792,0.765553897970724,-0.806415571813911,3.33822530152617,-0.351082132315969,1.3069162455968,-1.30437928193749,0.600142813325085,1.37009981855775,0.304297430234144,-1.37382867020937,2.12128249007984,-0.112297988460688,4.51079292554697,1.90967984944412
"Struthioniformes","Struthio camelus","B14264",1.35391937451953,1.60576655861642,0.147714426409657,0.653440463684264,-0.597020122940782,3.17346813375429,0.0516218176826119,1.07004059048258,-0.919009508891624,0.450757984241394,1.73111804447788,0.259536177977175,-1.0469904709855,1.93049080911993,0.248090473177422,4.27609177021773,2.43748140440798
"Struthioniformes","Struthio camelus","R2711",1.3084191207359,1.36498305399337,0.10773039161115,0.576110669759266,-0.727257392977181,3.00908294812838,0.0328655126469758,0.944362181526996,-0.981093890690797,0.243284745291073,1.77760004323017,0.10701986577089,-1.04823319352843,1.73116658955832,0.210267252373877,3.97770371134167,2.23306954961241
"Struthioniformes","Struthio camelus","B34253",1.44972084191767,1.55290970802036,0.208250339720477,0.777685231089088,-0.545657934849905,3.17539533584693,0.148648666129775,1.062818232571,-0.918033886150953,0.453358892769983,1.86460517194233,0.0493012444296989,-0.945339336841221,1.8697588777445,0.301474184259054,4.19685323135428,2.3021878339406
"Struthioniformes","Struthio camelus","B747",1.36847404737616,1.28251475861593,0.0734756565633908,0.274874248153546,-0.642200637056583,2.92423032996938,-1.24580799427354,0.808056779020813,-0.993465288267067,0.0553473373095247,1.8235360966237,-0.468803741053615,-1.14881572828623,NA,NA,NA,NA
"Struthioniformes","Struthio camelus","R2385",1.34043526222195,1.33138228520259,0.095864452625212,0.628806014353797,-0.401612808317352,3.00835214848397,0.0453370580600603,0.981684286362119,-0.921069805028631,0.354369168652037,1.74374751696901,-0.0455710635241581,-0.975137026298906,NA,NA,NA,NA
"Casuariiformes","Casuarius casuarius","B12907",1.20006928228844,0.986946298406496,-0.146338586692193,0.346779543574397,-0.881973041091455,2.91090732081719,-0.233198712074487,0.689839085495132,-0.972779489049636,0.339636656062017,1.42407825987908,0.2014863175812,-0.965203695241179,1.54037843980651,0.143545717967016,3.29305238990649,1.92062947695198
"Casuariiformes","Casuarius casuarius","B13452",2.57372945441081,0.947466534904881,1.14590663459434,0.395579424341116,0.480635823562646,2.79510646252739,1.18063234596817,0.68475738338448,0.416784351576113,0.298171236873785,2.84323892628294,0.00938844884581816,0.452759454034391,1.45832664083498,1.62481484639573,3.22637703143701,3.49793791075543
"Casuariiformes","Dromaius novaehollandiae","B31685",2.5945834402199,1.21231831349973,1.16184909227553,0.375698611168088,0.510087127878443,3.10943829838561,1.07547771530775,0.726407840172824,0.127995370955587,0.257450783497759,3.0833181061717,0.00134305664457331,0.127995370955587,1.63174878902827,1.37636397416847,3.57154549453947,3.08184795386224
"Casuariiformes","Dromaius novaehollandiae","R1815",2.42586835947966,1.06986671804312,1.05632185566099,0.387339106310631,0.434030611868388,3.07882088106561,0.987578703241386,0.749632042553586,0.00550023082922793,0.235533093442627,2.9784755172606,-0.0911511368124235,-0.0249589766554807,NA,NA,NA,NA
"Casuariiformes","Dromaius novaehollandiae","R4240",2.34107890484845,-0.0692195127925277,0.98046103177408,-0.765506413357141,0.280296278555487,1.70992149247632,0.922891179952602,-0.506534446787791,-0.0073857938962933,-1.01412904997234,2.85280098766147,-1.30181112242412,-0.215386365107939,0.313202614020541,1.25565283717728,2.24816153432661,2.99541067127628
"Casuariiformes","Dromaius novaehollandiae","B19058",2.43402236044555,-0.278485097923084,1.01471023029698,-0.842420547003023,0.419119339903281,1.71316106045491,1.02350536174981,-0.451197795610402,0.14417629322893,-1.08468513976401,2.92150062021455,-1.28965506798748,-0.0406801191682129,0.305655079875423,1.36334944046668,2.3040149121516,3.17512500607618
"Casuariiformes","Dromaius novaehollandiae","R6947",2.46831603734711,-0.618459305077932,1.05327226294123,-1.18539517449986,0.336515216742155,1.32999449201322,1.04658327479044,-0.938535096568335,0.0499701540774496,-1.52989958281834,2.97995105006866,-1.73506063158212,-0.156271586434157,NA,NA,NA,NA
"Casuariiformes","Dromaius novaehollandiae","B12822",2.44467181123772,-0.711109021354583,1.05470097538852,-1.33649409981371,0.275044551919295,1.28014635088701,1.03798749441478,-0.924156112417783,0.0559090220026244,-1.55963765112792,2.98976589183853,-1.81341817190402,-0.100744788042752,-0.260433039974696,1.29804428742291,1.31977872120833,2.98113835591901
"Casuariiformes","Dromaius novaehollandiae","B12823",2.47576777882175,-0.628388165069993,0.992118595849392,-1.36263702131549,0.319399237979545,1.25266382084407,1.01070649161748,-0.968895376903385,0.00690199640804025,-1.54635815846387,2.94043806209213,-1.56759037856964,-0.168409015899697,NA,NA,NA,NA
"Casuariiformes","Dromaius novaehollandiae","B12543",2.54779360685818,-0.647008274542833,1.14395493608738,-1.2853913696928,0.517556222315811,1.27545021347743,1.12067725121804,-0.941334889713282,0.168421370650367,-1.47085264649143,3.07329364155343,-1.69399619780564,8.6055831152233e-05,NA,NA,NA,NA
"Anseriformes","Anseranas semipalmata","B8864",1.38585804807305,-1.49581769736742,-0.261559112426272,-2.49022620850553,-1.16184950295399,0.597971292720558,-0.392329343609466,-1.89551910075883,-1.31600018278124,-2.42960158668909,1.56194905511636,-2.77790828095731,-1.16184950295399,NA,NA,NA,NA
"Anseriformes","Anseranas semipalmata","B6361",1.20806228929229,-1.55790207916659,-0.495472946520924,-2.36738825181069,-1.25761299856782,0.504046305065726,-0.60083346217875,-1.87491176671289,-1.44566523007076,-2.52153893163795,1.26582731522242,-2.75994995508294,-1.27200173601992,NA,NA,NA,NA
"Anseriformes","Anseranas semipalmata","B8865",1.36456630389853,-1.48186731003058,-0.368902889455895,-2.37765952035639,-1.22910415467901,0.674425689748729,-0.513484118267003,-1.82427428217161,-1.35831588615901,-2.34908614791234,1.48498836087917,-2.5864143342185,-1.14209277768938,-1.20459425349353,-0.0328886331495341,-0.744448470588553,0.301880695017192
"Anseriformes","Anseranas semipalmata","B18360",1.21238745705837,-1.37933938689806,-0.506075135850847,-2.23905976728382,-1.33456366428055,0.628839134760283,-0.605825538617906,-1.74588907875655,-1.39428289898218,-2.37259115990835,1.28462892430826,-2.63210235539343,-1.33456366428055,NA,NA,NA,NA
"Anseriformes","Anseranas semipalmata","B20343",1.20127122456148,-1.53966682903676,-0.410544810277586,-2.38123401471498,-1.37562570632117,0.568803299576885,-0.651706867094474,-1.86244022129981,-1.32981617028988,-2.52433485835565,1.31137108558321,-2.70973808168701,-1.34485404765442,-1.31836405136704,-0.255884056478544,-0.837935904785421,0.124973426078777
"Anseriformes","Anseranas semipalmata","B34094",1.50076930171146,-1.27193396266365,-0.191708697935151,-2.21420018094107,-0.922127273292327,0.781532092612921,-0.261137204366913,-1.63227863549135,-1.08688250636838,-2.20112809937372,1.64379532025576,-2.41779913618231,-1.05746862116209,-1.00996425334036,0.117836288294275,-0.437687941133709,0.654630514943018
"Anseriformes","Anseranas semipalmata","B8863",1.36549605730059,0.0751707154544816,-0.3279652334032,-0.875199330072536,-1.16706632658623,2.14685025179883,-0.391681047789308,-0.38866639887559,-1.32121700641348,-0.916021324592791,1.53237549997938,-1.1673357528737,-1.11149647543141,NA,NA,NA,NA
"Anseriformes","Anseranas semipalmata","B12464",1.45807069281338,-0.0743268525450372,-0.131416433201367,-0.849538986159287,-1.01432014904279,1.9952173871786,-0.291759083276547,-0.461773455150523,-1.23002872186948,-0.990617584419192,1.54024250222994,-1.22902860786419,-1.04462549853811,NA,NA,NA,NA
"Anseriformes","Anseranas semipalmata","B13074",1.36243009594932,-0.180829347362265,-0.305808074249315,-1.05871063112155,-1.16729056962847,1.84446130154158,-0.334381446693371,-0.513693642607279,-1.2726510852863,-1.13393405235914,1.50685807979805,-1.42161612481092,-1.02752862725332,NA,NA,NA,NA
"Anseriformes","Anseranas semipalmata","B18366",0.254634259869474,-0.0604102622045138,-1.37426620163954,-0.999230107138697,-2.25089167712126,1.93583798685444,-1.51027795932239,-0.485876037019348,-2.29345129154006,-1.09201184058966,0.407812649877793,-1.13457145500846,-2.21006968260101,NA,NA,NA,NA
"Galliformes","Alectura lathami","B23648",0.181772920892138,0.0787935339660781,-1.37882301255866,-0.759535656438365,-2.11972462441451,1.92604168881179,-1.44855635057334,-0.456349397450619,-2.48263011810388,-0.94185721323232,0.269237586498387,-1.41186084247806,-2.35105376031516,0.409457428991544,-1.20561017196295,1.2784326370349,-0.684898931791313
"Galliformes","Alectura lathami","B11471",-0.29339713519475,-0.0206474131365037,-1.86717859640949,-0.768946413771529,-2.56599151450511,1.8062594438572,-2.01944780813704,-0.547866846678171,-2.93245446481001,-1.01292405198858,-0.280598822051441,-1.58245727658135,-2.88444524562365,NA,NA,NA,NA
"Galliformes","Alectura lathami","B23650",-0.241336046013687,0.025449814517916,-1.88838121037747,-0.720619767496372,-2.50656535246396,1.91532713970449,-1.98249450194795,-0.497476216182162,-3.01739097622995,-0.993913102496053,-0.216277787280325,-1.77667244174569,-2.92883757888851,NA,NA,NA,NA
"Galliformes","Alectura lathami","B19290",-0.194255162092256,0.0980922344726368,-1.80369307452636,-0.753803335163196,-2.51881916180508,1.94053319017684,-1.85384285821183,-0.42659042395478,-2.90775496796203,-0.92969400162686,-0.161114769589952,-1.54873321003308,-2.79912112695924,0.350527339351908,-1.52803957794018,1.17943080554691,-1.09597860102772
"Galliformes","Alectura lathami","R4288",-0.207899190239225,0.177767233068605,-1.83564671486866,-0.682011288542208,-2.56194610274551,2.08160876371481,-1.89729087797987,-0.340840531139441,-2.87619520258201,-0.836161968369466,-0.129910968228964,-1.30105049694843,-2.80208723042829,0.501197987409504,-1.61860872111694,1.23216029026796,-1.05911792536967
"Galliformes","Alectura lathami","B23649",0.0937713439267042,-0.0579601571850322,-1.51331085481494,-0.794124722828668,-2.16047292213306,1.8705054842787,-1.56770492688074,-0.534299604879854,-2.62375760113005,-1.02831811032946,0.138735690444381,-1.72146529088941,-2.60605802403065,0.367307578219312,-1.30773243585672,1.21769663117619,-0.933727681365646
"Galliformes","Leipoa ocellata","B31805",0.00540109985660659,-0.135470212489517,-1.51823682277416,-0.962813458347176,-2.10602348767628,1.58978498048035,-1.55790207916659,-0.654077976697563,-2.53680640376873,-1.1623028187635,-0.136117833064751,-1.67746684412808,-2.43452755464832,NA,NA,NA,NA
"Galliformes","Leipoa ocellata","B6721",0.0254920063308042,-0.156068707800547,-1.53036165996919,-0.987942097862119,-2.2050467776894,1.67547594921932,-1.59448618813873,-0.665168705599068,-2.40707340556269,-1.2443716268098,-0.0146203230670014,-1.61209640693511,-2.43737875505802,NA,NA,NA,NA
"Galliformes","Leipoa ocellata","B31806",0.131183974184037,-0.226335916913003,-1.51514092805712,-1.08003379914567,-2.15517828330312,1.57652596611936,-1.44493666938388,-0.781178426095768,-2.61375321672523,-1.34916246370171,0.0610221954921041,-1.80747005318425,-2.47795167556617,NA,NA,NA,NA
"Galliformes","Leipoa ocellata","B23580",-0.00168788058480266,-0.182650656204778,-1.58072831583453,-1.05717197520264,-2.24437483199778,NA,NA,NA,NA,NA,-0.0880260835335279,-1.70586739319175,-2.43604225120997,NA,NA,NA,NA
"Galliformes","Leipoa ocellata","B34172",0.160705573632602,-0.00837139702136039,-1.42096954182414,-0.758975632606093,-2.10228226473708,1.83531568313946,-1.40913508417714,-0.447388039300758,-2.41779913618231,-1.01490900674329,0.0962486485131902,-1.48491263598903,-2.22744540769109,0.406189276571289,-1.17476071757894,1.34345237255282,-0.743117306299834
"Galliformes","Leipoa ocellata","B34887.1",1.52148308630063,-0.102355589593797,-0.0336321443943176,-0.915751898305319,-0.71535062913064,1.72568355371491,-0.0109038933167613,-0.555749164273912,-1.03380436024917,-1.18145506403833,NA,NA,NA,0.258792095329804,0.198664788906379,0.981368086580562,0.511095031047355
"Galliformes","Leipoa ocellata","B9276",1.55906430091156,0.0793045981142853,0.0126845244445925,-0.741675953955545,-0.773553079181365,NA,NA,NA,NA,NA,1.44379290135428,-1.41235027866343,-0.946165821848359,NA,NA,NA,NA
"Galliformes","Leipoa ocellata","B9057",1.40668320444287,0.0215685968874132,-0.211412770734346,-0.944147018314265,-0.89836798104637,1.86525567704823,-0.236571330370501,-0.401822727488903,-1.24976586788426,-1.04212742667447,1.33918464167682,-1.50043501615701,-1.0733094305427,0.293260562097908,0.0345734783149349,0.885336317855805,0.262465330618948
"Galliformes","Leipoa ocellata","B20194",1.36353274686149,-1.190019716436,-0.186894409313633,-2.05022098165911,-0.868868289275453,0.60892541245293,-0.262732485705138,-1.66774539177565,-1.20979487624605,-2.18375237428363,1.28804856457267,-2.53857374957304,-1.1059980825644,-0.872265530641551,0.0335488703328298,-0.122494641024449,0.61147282760199
"Galliformes","Leipoa ocellata","B20161",1.40951804393116,-1.27087517333589,-0.119877160829406,-2.2347939541993,-0.893067049062888,0.483769890047162,-0.18808541085594,-1.80523129451207,-1.26344083735978,-2.37883332442223,1.34307294452301,-2.81287180497445,-1.07538860585684,NA,NA,NA,NA
"Anseriformes","Cereopsis novaehollandiae","B20407",1.45539846978388,-1.47880792166063,0.173795504189796,-2.37988923487125,-0.643177026482496,0.457753795276551,0.0454143375415888,-1.74002342092424,-0.912840593431598,-2.43815814299523,1.73468418728276,-2.69952290712964,-0.889310096021404,NA,NA,NA,NA
"Anseriformes","Cereopsis novaehollandiae","B34095",1.62243943342545,-1.48491410493198,0.266979992082565,-2.41125517265964,-0.551060462316268,0.42610878512289,0.0357063146851052,-1.79688886995281,-0.753771974813272,-2.36198412365286,1.79812804567054,-2.58753441499763,-0.823567736748814,NA,NA,NA,NA
"Anseriformes","Cereopsis novaehollandiae","B13849",1.53252123695907,-1.50117593567063,0.13854718916495,-2.35518973802328,-0.671282311475193,0.395944049215246,-0.0134032697527053,-1.88283039508508,-0.867562220519854,-2.40350831529408,1.72300610439218,-2.64918097966832,-0.916954975849431,NA,NA,NA,NA
"Anseriformes","Cereopsis novaehollandiae","B31962",1.6719769829118,-1.48606206515495,0.258167658506642,-2.38714337836558,-0.597750944924468,0.433786170808483,0.158987338417008,-1.85208544121182,-0.786151547794805,-2.46561499380708,1.85811865200899,-2.5397229659608,-0.671082218010018,NA,NA,NA,NA
"Anseriformes","Cereopsis novaehollandiae","B24792",1.48960235153098,-1.16847036852321,0.0886433170068432,-1.88693535706744,-0.720016750674946,0.741072136361231,-0.106487198079692,-1.55535909105844,-0.88614362154892,-2.09523240026466,1.66668437538027,-2.27966143939818,-0.91053507467308,NA,NA,NA,NA
"Anseriformes","Cereopsis novaehollandiae","B10905",1.2806087099879,-1.17780418493685,-0.121613177828091,-2.1262261949938,-0.952231349016639,0.672795784314137,-0.302101553540384,-1.62359733843199,-1.14939941392759,-2.15731678206383,1.47303703445163,-2.44851379662306,-1.18862012708087,NA,NA,NA,NA
"Anseriformes","Cereopsis novaehollandiae","B8862",1.42178763258325,-1.08233693744223,0.0279784749608777,-1.78345228765135,-0.764798546547909,0.808812880457148,-0.156068707800547,-1.48780204555039,-1.02430974203299,-2.03705504645027,1.56317578045096,-2.22973939027977,-1.03673226203155,NA,NA,NA,NA
"Anseriformes","Cereopsis novaehollandiae","B10727",1.24806571171715,-1.07201031706248,-0.0880312455358224,-1.82529585636096,-0.933941180648178,0.84055399025087,-0.231132089176496,-1.49712242255445,-1.08003379914567,-1.91155620064537,1.46307108988531,-2.17843514546739,-1.06886049854755,NA,NA,NA,NA
"Anseriformes","Cereopsis novaehollandiae","B8860",1.41150520141838,-1.13804049723576,-0.0332505791361174,-2.06399314002165,-0.789576661317594,0.824218789821083,-0.163870761553182,-1.52257239567746,-0.949541311010273,-2.01659090112707,1.57781865503007,-2.22138531377308,-0.949541311010273,NA,NA,NA,NA
"Anseriformes","Cereopsis novaehollandiae","B25675",1.52406486431498,-1.07687338009227,0.102052420593013,-1.91996070794313,-0.696455275624759,0.893450008816907,-0.0498281106997066,-1.42693970881065,-0.89712597108691,-1.98058532975956,1.7160254881925,-2.09058622497389,-0.934866299069757,NA,NA,NA,NA
"Anseriformes","Cereopsis novaehollandiae","B20294",1.49718125185759,0.427713422108304,0.15659246354218,-0.364373706306545,-0.679363120241089,2.30839468065102,-0.0542694029261593,0.100617381115646,-0.872266786365581,-0.548296544467474,1.6653063280552,-0.726779324954263,-0.830594089965012,NA,NA,NA,NA
"Anseriformes","Cereopsis novaehollandiae","B24946",1.60969930320793,0.296191225485893,0.179149933084001,-0.479791960653202,-0.623892918299162,2.24627674595169,0.012095848420835,-0.0327778496321649,-0.88827942814742,-0.626395434845077,1.77492020678944,-0.862784212909307,-0.753104649779168,NA,NA,NA,NA
"Anseriformes","Cereopsis novaehollandiae","B11419",1.53183100072943,0.127717863553477,0.0806991201142356,-0.707849657048237,-0.772998762118435,2.0911723222597,-0.0521489790091543,-0.242961128469272,-0.904926305160984,-0.793007465388544,1.70344521375083,-1.08812451632784,-0.944147018314265,NA,NA,NA,NA
"Anseriformes","Cereopsis novaehollandiae","40906",0.175630317103545,0.0249495867466431,-1.20454781699891,-0.937861160762405,-1.97368090453678,1.96434505478076,NA,-0.256690171249175,-2.38442306974579,-0.902769840951135,0.381196983177903,-1.24154357456063,-2.29345129154006,NA,NA,NA,NA
"Anseriformes","Cereopsis novaehollandiae","B25677",0.141811999140411,0.15675507543579,-1.2433504999458,-0.708763331064942,-2.01654038817928,2.03494705043615,-1.37365504240022,-0.159097873982687,-2.27206534899653,-0.780589065636197,0.307384020849763,-1.06120397086489,-2.27206534899653,0.480949870819728,-1.0587690551844,1.27052961184358,-0.207127209203449
"Anseriformes","Cereopsis novaehollandiae","B8858",-0.13357504733851,0.276743473442238,-1.52186741112107,-0.661526165150692,-2.28115439418556,2.13507743329296,-1.6272279267789,-0.123301567196587,-2.55469195925118,-0.670828557813006,0.0333254864606309,-0.832797885758062,-2.51072883583006,NA,NA,NA,NA
"Anseriformes","Cereopsis novaehollandiae","B31605",-0.119843380263719,0.306667740349808,-1.52157808930357,-0.414094607243111,-2.35241467263671,2.23066074348679,-1.67849885400465,-0.10660990749515,-2.57555822395092,-0.569579510083506,0.0498002613061812,-0.742598674215147,-2.51773865306209,NA,NA,NA,NA
"Anseriformes","Cereopsis novaehollandiae","B11418",-0.227407369409157,0.214855382228275,-1.53798990879335,-0.681232642328361,-2.39365601885107,2.12817005303414,-1.7456292735716,-0.156504113393379,-2.59978822433874,-0.681232642328361,-0.00831696482811332,-0.955669488030121,-2.66192000544575,NA,NA,NA,NA
"Anseriformes","Cereopsis novaehollandiae","B11392",-0.284390757817297,0.270961009966552,-1.63004747320536,-0.704234425326918,-2.46561499380708,2.20958072575919,-1.84657578540085,-0.016721062485229,-2.59623517622414,-0.649576012789054,-0.0817320941356997,-0.930190918017743,-2.66855583780377,NA,NA,NA,NA
"Anseriformes","Cereopsis novaehollandiae","B5124",0.135347770772445,0.146054224220182,-1.29252301719319,-0.874167430502205,-2.14929962153493,2.10354633754911,-1.50744573536254,-0.181020249942259,-2.26708265719132,-0.839076110690935,0.311238437236109,-1.2274467854398,-2.38642941482388,0.365930641685066,-1.08804311941059,1.04012567714083,-0.452665164070678
"Anseriformes","Cereopsis novaehollandiae","B10904",0.161970160548146,0.0811404177830697,-1.23055475032238,-0.941760049149344,-2.07646468543474,1.97826040266895,-1.43819411510062,-0.358613763803727,-2.28037687482106,-0.89098772377592,0.379716148415612,-1.14939941392759,-2.22255730393223,NA,NA,NA,NA
"Anseriformes","Cereopsis novaehollandiae","B25676",0.265530046543776,0.230215341455774,-1.07050247979523,-0.803638379864173,-1.92041814272451,2.08232322755444,-1.22269429513715,-0.156068707800547,-2.1009065184368,-0.736627669581213,0.405740117987603,-1.01203964944118,-2.15741872870014,NA,NA,NA,NA
"Anseriformes","Cereopsis novaehollandiae","B8859",0.0955083715632733,-0.179598439061313,-1.27397887124024,-1.10276205022323,-2.19026960311439,1.77734004103548,-1.47359192514425,-0.493496353643987,-2.4015786967816,-1.16195092161356,0.317198082059255,-1.34916246370171,-2.35840652491639,NA,NA,NA,NA
"Anseriformes","Cereopsis novaehollandiae","B22238",0.217992892102322,0.0452210363053778,-1.16138786123275,-0.909535976396573,-2.02589329378938,1.91557078012665,-1.3142270654622,-0.325022636839423,-2.31669549357741,-0.959797811177462,0.345310769023398,-1.17779996299125,-2.16612263509803,0.337327269971606,-1.05610608883257,0.941386069833597,-0.287396592751408
"Anseriformes","Cereopsis novaehollandiae","B8861",0.255236547074799,0.176485015375782,-1.11121151767316,-0.872734517962751,-1.95996604255683,2.12299775559124,-1.30849155839745,-0.173581313342594,-2.28225364418609,-0.802938756027209,0.459948468485459,-1.02889524871803,-2.20112809937372,NA,NA,NA,NA
"Anseriformes","Anhima cornuta","B12574",1.62404843698612,0.0268561418862091,0.182590964075319,-0.810391382647493,-0.529248349496779,2.05750751939661,0.0437545192211028,-0.315695140811386,-0.773846835812249,-0.893772991586544,1.86003360562348,-1.16706632658623,-0.577566926767587,0.419833792822509,0.416784351576113,1.32979242098773,1.13435608414313
"Dinornithiformes","Dinornis robustus","OM A50.27",3.07034775572907,1.95876964776145,2.13959260336335,NA,1.20492207255211,3.78307266472197,2.32080979781425,1.71830131278993,NA,1.21070670960539,3.15059128677913,NA,1.08692822209574,NA,NA,NA,NA
"Dinornithiformes","Dinornis novaezealandiae","AU6393.18",2.96301129156302,1.9462247395819,2.02040325137149,NA,1.04400859542763,3.73798420880995,2.20272480816545,1.73229784337261,NA,1.10139297168989,3.05240079095762,NA,0.966764328346114,NA,NA,NA,NA
"Dinornithiformes","Dinornis novaezealandiae","AIM113",2.73904210230482,0.457158523980948,1.82425626161008,NA,0.740569623158647,2.36532834505341,2.00908094862215,0.274836967186993,NA,-0.353771692235381,2.96699335518713,NA,0.622786587502264,NA,NA,NA,NA
"Dinornithiformes","Dinornis robustus","MNZ S28114",2.84233242068594,0.581052817358622,1.99598108190277,NA,1.13758432844752,2.28114509806085,2.06629758032023,0.266242077518588,NA,-0.251272534398199,2.97763780703453,NA,1.00405293582299,NA,NA,NA,NA
"Dinornithiformes","Dinornis robustus","CM8436",2.95537978933816,0.287076882861082,2.07692151313589,NA,1.03646514462485,2.07818082928625,2.20595177287962,0.0171480370164807,NA,-0.704734250780137,3.16146321790706,NA,1.07633753587223,NA,NA,NA,NA
"Dinornithiformes","Dinornis robustus","CM12589",2.94628077989879,0.0694338411841575,2.02790454153361,NA,0.986102659045771,1.90959428857938,2.14777308368102,-0.199545662402053,NA,-0.764151757339064,3.01081930103636,NA,0.853416217886813,NA,NA,NA,NA
"Dinornithiformes","Dinornis robustus","CM14549",3.03720561402712,0.26413234747025,2.10377859990998,NA,1.11385461699237,2.10397262553283,2.2091391155678,0.100197416926735,NA,-0.552484107897723,3.29094428591953,NA,1.1038378387489,NA,NA,NA,NA
"Dinornithiformes","Dinornis robustus","CM14449",3.15708647698127,0.249214894280513,2.24551273498525,NA,1.2205881621083,2.05661714057902,2.36720966996277,-0.0188412137145193,NA,-0.604862653092069,3.29797842101758,NA,1.10423852487488,NA,NA,NA,NA
"Dinornithiformes","Dinornis robustus","CM15025",2.97648662854965,0.610710318497987,2.09746729147273,NA,1.1359623112874,2.43906344613678,2.23404282647848,0.426699572113188,NA,-0.152334301679336,3.21819103374827,NA,1.09693296738167,NA,NA,NA,NA
"Dinornithiformes","Dinornis robustus","CM15026",2.89903544699043,0.641247426579211,1.98943370326708,NA,0.933242130482919,2.42010349097136,2.15306312704888,0.414893599634753,NA,-0.22655843802912,3.04451972688529,NA,0.928438278170273,NA,NA,NA,NA
"Dinornithiformes","Dinornis robustus","CM15028",2.69196868626906,0.519132805342694,1.77417532451037,NA,0.729709399212214,2.20553175891292,1.94642122931558,0.23304945425461,NA,-0.350274340632611,2.73315097623547,NA,0.718968157380802,NA,NA,NA,NA
"Dinornithiformes","Dinornis robustus","CM29320",2.67408617683666,0.498549236059931,1.80281912633646,NA,0.861049309161323,2.34845548346555,1.88140940092968,0.318167544083804,NA,-0.232524996412075,2.7278763514228,NA,0.681305073381669,NA,NA,NA,NA
"Dinornithiformes","Dinornis robustus","MNZ S27891",2.4618084421159,0.20903315073085,1.54719979642473,NA,0.552265937231462,1.94245704294594,1.71683619369137,-0.0266891827902199,NA,-0.634936919563679,2.41352320095644,NA,0.456955757427137,NA,NA,NA,NA
"Dinornithiformes","Dinornis novaezealandiae","MNZ S240",2.57553037455739,0.139678206440526,1.52186947375155,NA,0.648596126961083,1.91250966578306,1.71149033302711,-0.0228407230572485,NA,-0.715987903617194,NA,NA,NA,NA,NA,NA,NA
"Dinornithiformes","Dinornis novaezealandiae","B. Reeve",NA,NA,NA,NA,NA,3.27741414027354,1.64061371546483,1.31459026877617,NA,0.734238582361564,2.39641186098644,NA,0.398568963189482,NA,NA,NA,NA
"Dinornithiformes","Dinornis robustus","MNZ S28075",2.71836192772954,1.67618965814897,1.76570355168451,NA,0.784874298672788,3.46267207027618,1.93560258847991,1.41277220769682,NA,0.772971007842166,2.75345324754081,NA,0.667091263016404,NA,NA,NA,NA
"Dinornithiformes","Dinornis robustus","MNZ S28225",2.62067978712969,1.47567607592982,1.65607047798473,NA,0.678536120869856,3.26743554515788,1.84497100587673,1.27244783431655,NA,0.565116018764651,2.59390954606509,NA,0.537457522609951,NA,NA,NA,NA
"Dinornithiformes","Dinornis robustus","MNZ S28381",1.43101910767658,1.42254350312047,0.428987647014251,NA,-0.511400636438964,3.24926513491066,NA,1.18240237543769,NA,0.266111643563531,NA,NA,NA,NA,NA,NA,NA
"Dinornithiformes","Dinornis robustus","MNZ S32715",1.27419999791857,1.50048982213688,0.263237568498289,NA,-0.675366462339857,3.22480801056941,0.361552257322913,1.24699911443338,NA,0.61628740481423,1.24080171751672,NA,-0.827382669638482,NA,NA,NA,NA
"Dinornithiformes","Dinornis robustus","MNZ S32716",0.979568540618137,1.66394322167694,0.0891692226767236,NA,-0.907763437901581,3.37074596842903,0.27653660082565,1.4305664940827,NA,0.825953340216544,1.01182940283636,NA,-1.02717116928497,NA,NA,NA,NA
"Dinornithiformes","Dinornis robustus","Hodge Ck",1.02305781778701,1.75792611572982,0.0549593441162084,NA,-0.924156112417783,3.45710640366478,-5.67137395606189,1.423275373237,NA,0.923009509686008,1.06140117298466,NA,-1.03256541092497,NA,NA,NA,NA
"Dinornithiformes","Dinornis robustus","OM Av7343",1.01729753775645,1.70753014690674,0.0879773055919598,NA,-0.82422344103067,3.38265271240903,0.30783678170498,1.35998768653128,NA,0.844823661166688,0.970931617198523,NA,-0.978374120857929,NA,NA,NA,NA
"Dinornithiformes","Dinornis robustus","MNZ S32667",0.985343897414144,1.85464642629824,0.12719994371755,NA,-0.829992302377908,3.52481125710658,0.28570318754365,1.68648500940138,NA,0.989214111657574,1.07504851599942,NA,-0.986797263790039,NA,NA,NA,NA
"Dinornithiformes","Dinornis robustus","MNZ S23342",1.45559417650591,1.71609973494362,0.558750579567276,NA,-0.414698566146827,3.50039090956415,0.696900918048094,1.53020035680178,NA,0.909623869076673,1.53400878752955,NA,-0.562334564952892,NA,NA,NA,NA
"Dinornithiformes","Dinornis robustus","MNZ S211",1.28175087365373,1.4312058406065,0.403575774702092,NA,-0.537407569762435,3.20170531040771,0.533033841938979,1.1909260070493,NA,0.603139342147186,1.3084191207359,NA,-0.745046934540679,NA,NA,NA,NA
"Dinornithiformes","Dinornis robustus","MNZ S23654",1.40455187354976,1.52821709542999,0.519132805342694,NA,-0.41736063384898,3.33113205882983,0.674425689748729,1.29054544355287,NA,0.712467592777708,1.4653706135848,NA,-0.571511313676239,NA,NA,NA,NA
"Dinornithiformes","Dinornis robustus","AIM352",1.36847404737616,1.52970546971297,0.533528954955958,NA,-0.386675676239333,3.13914338214707,0.594153576772393,1.18826222036974,NA,0.605115935024123,1.43407132986197,NA,-0.680915149237273,NA,NA,NA,NA
"Dinornithiformes","Dinornis robustus","MNZ S25765",1.41500395771946,1.53876092777887,0.552622855120927,NA,-0.464311402532916,3.26485129349906,0.691459299975143,1.36319615344779,NA,0.659896601423828,1.48439595114346,NA,-0.52493602434935,NA,NA,NA,NA
"Dinornithiformes","Dinornis robustus","WO30.41",1.51022421059228,1.74016613300378,0.637418590657862,NA,-0.364916867574828,3.54042880549692,0.781532092612921,1.52296777150061,NA,0.934961543528117,1.65754892534914,NA,-0.442374926613832,NA,NA,NA,NA
"Dinornithiformes","Dinornis robustus","In situ",2.8136801240414,1.49219371034655,1.87973445692852,NA,0.962170650407571,3.35161182804842,2.055105138159,1.32731906715632,NA,0.726475836951772,2.89372283171494,NA,0.8895314667676,NA,NA,NA,NA
"Dinornithiformes","Dinornis robustus","MNZ S32677",2.94239569690079,1.87936287015704,2.01266189477018,NA,1.16536403438298,3.57581215958077,2.20990910178081,1.68874251054839,NA,1.03481604314172,3.01946663418517,NA,0.972460368258486,NA,NA,NA,NA
"Dinornithiformes","Dinornis robustus"," Hochstetter, Wien",2.8238984891003,1.86926369844577,1.87730240773082,NA,1.08730540118096,3.56304275931362,2.05319307419448,1.66592277442774,NA,0.982531768813161,2.90966531085773,NA,0.880968968183128,NA,NA,NA,NA
"Dinornithiformes","Dinornis robustus","York",2.80883786424036,0.475507662649144,1.9106408758089,NA,0.937597327342297,2.30298521447928,2.08314427692221,0.457158523980948,NA,-0.192503544639259,2.88194212256897,NA,0.821637446247429,NA,NA,NA,NA
"Dinornithiformes","Pachyornis elephantopus","Av8382",2.68248371974405,0.370602092842831,1.94851454466384,NA,0.91052687781217,1.9433386384265,2.06629758032023,0.23578287003388,NA,-0.426905103041357,2.38137862696012,NA,0.948993158639966,NA,NA,NA,NA
"Dinornithiformes","Pachyornis elephantopus","Av8381",2.68902748369271,0.0214306988084817,1.89340163384983,NA,0.85074799882976,1.59431101550878,2.06487317461971,-0.166032257485892,NA,-0.733410050756804,2.35709040223689,NA,0.984279391454283,NA,NA,NA,NA
"Dinornithiformes","Pachyornis elephantopus","Av8389",2.81274938727427,0.0411421985630665,2.00181917105794,NA,0.910324350158692,1.57285355954146,2.13535056368246,-0.118822451129612,NA,-0.811969631689557,2.4354551561328,NA,1.12061975899505,NA,NA,NA,NA
"Dinornithiformes","Pachyornis elephantopus","Av8387",2.78450326047137,0.0375464519650679,1.99978888638593,NA,0.90800256278822,1.66746289574271,2.12212773857817,-0.110873553153205,NA,-0.784218106416971,2.49682118801958,NA,1.09371970858331,NA,NA,NA,NA
"Dinornithiformes","Pachyornis elephantopus","Av8385",2.80680778444039,-0.183649188015766,1.97724874839057,NA,0.893903931853249,1.47853928980386,2.07952759751099,-0.282089260829018,NA,-0.919355982994507,2.43759046672457,NA,1.11704748316746,NA,NA,NA,NA
"Dinornithiformes","Pachyornis elephantopus","Av8388",2.73417316112772,0.371974672423942,1.92485454880573,NA,0.847748465358586,1.96883380265118,2.04102598056777,0.186075294282103,NA,-0.496376597161094,2.37749821718899,NA,0.948844582229955,NA,NA,NA,NA
"Dinornithiformes","Pachyornis elephantopus","Av8386",2.47323065464515,0.22612040755931,1.64066393883546,NA,0.667677863284757,1.87738951383854,1.77321059479744,0.0800277890618141,NA,-0.601946090900006,2.15306312704888,NA,0.856919862923285,NA,NA,NA,NA
"Dinornithiformes","Pachyornis elephantopus","Av15029",2.63639883511425,0.535006154498984,1.86055993870919,NA,0.755027207196504,2.03294048676154,1.98977167018919,0.255167259508229,NA,-0.248737921413188,2.33056356795492,NA,1.13232143833797,NA,NA,NA,NA
"Dinornithiformes","Pachyornis elephantopus","Av8383",2.43100841062164,0.417697139430837,1.71064866653681,NA,0.605115935024123,1.95437569758251,1.88720651861401,0.296619207877601,NA,-0.348209395411537,2.14556097597127,NA,0.828259486338333,NA,NA,NA,NA
"Dinornithiformes","Pachyornis elephantopus","Av8716",2.4949240509004,0.295210846971902,1.69532998847041,NA,0.659896601423828,1.90831176716474,1.83698050553343,0.168211156210595,NA,-0.484114029829095,2.16170384966556,NA,0.878950167486513,NA,NA,NA,NA
"Dinornithiformes","Pachyornis elephantopus","Av8348",2.69458973457338,0.485039390478985,1.9808232668107,NA,0.962253685816124,2.06210037418863,2.06086597448423,0.332362550270027,NA,-0.199297160398805,2.42711036943912,NA,1.01834315246717,NA,NA,NA,NA
"Aepyornithiformes","Aepyornis hildebrandti","Hansford & Turvey 2018",2.44153229626691,2.01546868023285,1.73152552185729,1.09980719347042,1.04136506048686,NA,NA,NA,NA,NA,2.6243697158528,0.34464682340969,0.889070032434196,NA,NA,NA,NA
"Aepyornithiformes","Aepyornis maximus","Hansford & Turvey 2018",2.90924789550868,2.33300038313549,2.30813550251967,1.34049606567413,1.5778109498411,3.54263337455515,2.11204753678488,1.89291264166026,0.925816435380524,0.959612225780637,3.07441167627436,0.603860500864242,1.38871791489822,NA,NA,NA,NA
"Aepyornithiformes","Mullerornis modestus","Hansford & Turvey 2018",2.36395994028188,1.54505201579916,1.60227274735129,0.51322103964174,0.763022382613171,3.17350372532367,1.59724497934942,1.34286691832569,0.17600929991856,0.410631950036155,2.76730898997858,-0.1087889155729,0.327484434485486,NA,NA,NA,NA
"Dromornithidae","Illbandornis lawsoni","Worthy & Yates 2015",1.36040154046263,1.59261808630445,0.511225745251224,NA,-0.429483513971077,3.15846556266369,0.457158523980948,1.193766134088,NA,0.576742649000857,1.8195585649014,NA,-0.878583557976112,NA,NA,NA,NA
"Dromornithidae","Illbandornis woodburnei","Worthy & Yates 2015",1.36218413763082,1.71665254230975,0.448563634312543,NA,-0.368636194917381,3.21036309807586,0.324510985642564,1.33797089263911,NA,0.652467061391732,1.51871929090414,NA,-0.809630724180032,NA,NA,NA,NA
"Dromornithidae","Dromornis stirtoni","Handley et al. 2016 - SS",1.15915411759322,2.0526779015259,0.547523794705261,NA,NA,3.56015781944801,0.670902815865765,1.98936562211157,NA,NA,1.28028011336025,NA,NA,2.45609592601234,0.577376757854942,NA,NA
"Dromornithidae","Dromornis stirtoni","Handley et al. 2016 - Male",1.27560203607353,2.70809409026344,0.636149111438673,NA,NA,3.83953031262625,0.837865695347582,2.09452856916221,NA,NA,NA,NA,NA,2.63612585159495,0.655152058564288,NA,NA
"Dromornithidae","Dromornis stirtoni","Handley et al. 2016 - Female",1.1515568207443,2.08067423156456,0.517735106269169,NA,NA,3.67675741451728,0.770411569522135,2.05960738159684,NA,NA,NA,NA,NA,2.47449036753457,0.579269118386441,NA,NA
"Dromornithidae","Genyornis newtoni","SAMA P.53833",0.842989601027255,2.21565977183557,0.089870570623511,0.947013757167197,-0.31242997788169,3.37881058164125,NA,1.43119443274084,-1.05413038385863,0.974645695829283,NA,NA,NA,2.54037485147074,0.194644543458786,4.92934256491473,2.61052773962897
"Dromornithidae","Genyornis newtoni","SAMA P.59517",1.49702021816021,1.97846399941111,0.703331808378384,0.89349448714679,-0.108079292675295,3.27799670260872,0.469716957196879,1.42364438373918,-0.751955424228458,0.907621866406,NA,NA,NA,2.27167676582353,0.609584509203734,4.91567623440942,2.95200885546727
"Dromornithidae","Genyornis newtoni","SAMA P.59516",1.3084191207359,1.94397132919032,0.672795784314137,0.633776311609076,-0.0964680734606107,NA,NA,1.19462286893063,-0.734842764366438,0.69440093342551,NA,NA,NA,NA,NA,NA,NA
"Dromornithidae","Genyornis newtoni","FU2763",1.47156258383272,1.97757639709538,0.602002283164989,0.856003124536507,-0.0911448973949566,NA,NA,NA,NA,NA,1.55445024363849,0.333813742120201,-0.648186681335207,2.15271475214584,0.642058152179992,4.83995254750211,3.04684348412226
"Dromornithidae","Genyornis newtoni","SAMA P.59518",NA,NA,NA,NA,NA,2.9896649658696,NA,NA,NA,NA,1.52793746609407,0.154914933074567,-0.561963206375908,NA,NA,NA,NA
"Dromornithidae","Genyornis newtoni","SAMA P.59519",1.34686615255224,1.7378896028892,0.597691140522633,0.246234726111485,-0.00787985083272367,3.07252510573518,0.361754237748514,NA,-0.565324085254638,0.738368216865323,1.47033102167606,0.653755333401745,-0.704760700944718,2.14668250109004,0.647029983841499,4.41955304881822,3.12842958766763
